"","ImpactRelative","CrowdSourced","Centralized","Money","Property","Knowledge","Services","Media","Data","Relationships","Service","Market","Platform","Commons","Redistribution","Breaktrough","Producer"
"1",NA,0,1,1,1,0,0,0,1,0,1,0,0,0,0,1,0
"2",133,0,1,1,1,0,0,0,1,0,1,0,0,0,0,1,0
"3",NA,0,1,1,1,0,0,0,1,0,1,0,0,0,0,1,0
"4",40,0,1,1,1,0,0,0,1,0,1,0,0,0,0,1,0
"5",125,0,1,1,1,0,0,0,1,0,1,0,0,0,0,1,0
"6",NA,0,1,1,1,0,0,0,1,0,1,0,0,0,0,1,0
"7",NA,1,0,0,0,0,0,0,0,1,1,0,0,0,0,1,0
"8",25,1,0,0,0,0,0,0,0,1,1,0,0,0,0,1,0
"9",NA,1,0,0,0,0,0,0,0,1,1,0,0,0,0,1,0
"10",67,1,0,0,0,0,0,0,0,1,1,0,0,0,0,1,0
"11",36,1,0,0,0,0,0,0,0,1,1,0,0,0,0,1,0
"12",NA,1,0,0,0,0,0,0,0,1,1,0,0,0,0,1,0
"13",NA,0,1,0,1,0,0,0,0,0,1,0,0,0,0,1,0
"14",300,0,1,0,1,0,0,0,0,0,1,0,0,0,0,1,0
"15",100,0,1,0,1,0,0,0,0,0,1,0,0,0,0,1,0
"16",NA,0,1,0,1,0,0,0,0,0,1,0,0,0,0,1,0
"17",NA,0,1,0,1,0,0,0,0,0,1,0,0,0,0,1,0
"18",NA,0,1,0,1,0,0,0,0,0,1,0,0,0,0,1,0
"19",490,1,0,0,1,0,0,0,0,1,0,1,1,0,1,0,0
"20",NA,1,0,0,1,0,0,0,0,1,0,1,1,0,1,0,0
"21",58233,1,0,0,1,0,0,0,0,1,0,1,1,0,1,0,0
"22",400,1,0,0,1,0,0,0,0,1,0,1,1,0,1,0,0
"23",NA,1,0,0,1,0,0,0,0,1,0,1,1,0,1,0,0
"24",223,1,0,0,1,0,0,0,0,1,0,1,1,0,1,0,0
"25",NA,1,0,0,0,1,0,1,1,1,1,0,0,0,0,1,0
"26",48,1,0,0,0,1,0,1,1,1,1,0,0,0,0,1,0
"27",NA,1,0,0,0,1,0,1,1,1,1,0,0,0,0,1,0
"28",NA,1,0,0,0,1,0,1,1,1,1,0,0,0,0,1,0
"29",NA,1,0,0,0,1,0,1,1,1,1,0,0,0,0,1,0
"30",NA,1,0,0,0,1,0,1,1,1,1,0,0,0,0,1,0
"31",NA,1,0,1,0,0,1,0,0,0,1,0,0,0,0,0,0
"32",NA,1,0,1,0,0,1,0,0,0,1,0,0,0,0,0,0
"33",NA,1,0,1,0,0,1,0,0,0,1,0,0,0,0,0,0
"34",NA,1,0,1,0,0,1,0,0,0,1,0,0,0,0,0,0
"35",NA,1,0,1,0,0,1,0,0,0,1,0,0,0,0,0,0
"36",NA,1,0,1,0,0,1,0,0,0,1,0,0,0,0,0,0
"37",33,0,1,0,0,0,0,0,1,0,1,0,0,0,0,1,0
"38",NA,0,1,0,0,0,0,0,1,0,1,0,0,0,0,1,0
"39",NA,0,1,0,0,0,0,0,1,0,1,0,0,0,0,1,0
"40",50,0,1,0,0,0,0,0,1,0,1,0,0,0,0,1,0
"41",43,0,1,0,0,0,0,0,1,0,1,0,0,0,0,1,0
"42",NA,0,1,0,0,0,0,0,1,0,1,0,0,0,0,1,0
"43",NA,1,0,0,0,0,0,0,1,0,0,0,1,0,1,0,1
"44",260,1,0,0,0,0,0,0,1,0,0,0,1,0,1,0,1
"45",NA,1,0,0,0,0,0,0,1,0,0,0,1,0,1,0,1
"46",843,1,0,0,0,0,0,0,1,0,0,0,1,0,1,0,1
"47",24,1,0,0,0,0,0,0,1,0,0,0,1,0,1,0,1
"48",239,1,0,0,0,0,0,0,1,0,0,0,1,0,1,0,1
"49",100,1,0,0,0,1,1,0,0,0,0,0,1,1,0,0,1
"50",NA,1,0,0,0,1,1,0,0,0,0,0,1,1,0,0,1
"51",NA,1,0,0,0,1,1,0,0,0,0,0,1,1,0,0,1
"52",84,1,0,0,0,1,1,0,0,0,0,0,1,1,0,0,1
"53",36,1,0,0,0,1,1,0,0,0,0,0,1,1,0,0,1
"54",77,1,0,0,0,1,1,0,0,0,0,0,1,1,0,0,1
"55",65,0,1,0,0,0,0,0,0,0,1,0,0,0,0,1,0
"56",33,0,1,0,0,0,0,0,0,0,1,0,0,0,0,1,0
"57",NA,0,1,0,0,0,0,0,0,0,1,0,0,0,0,1,0
"58",20,0,1,0,0,0,0,0,0,0,1,0,0,0,0,1,0
"59",38,0,1,0,0,0,0,0,0,0,1,0,0,0,0,1,0
"60",NA,0,1,0,0,0,0,0,0,0,1,0,0,0,0,1,0
"61",12,1,0,0,0,0,0,0,0,0,0,0,0,0,0,0,0
"62",NA,1,0,0,0,0,0,0,0,0,0,0,0,0,0,0,0
"63",18,1,0,0,0,0,0,0,0,0,0,0,0,0,0,0,0
"64",22,1,0,0,0,0,0,0,0,0,0,0,0,0,0,0,0
"65",30,1,0,0,0,0,0,0,0,0,0,0,0,0,0,0,0
"66",47,1,0,0,0,0,0,0,0,0,0,0,0,0,0,0,0
"67",NA,1,0,0,1,0,1,0,0,1,0,0,1,0,1,0,0
"68",NA,1,0,0,1,0,1,0,0,1,0,0,1,0,1,0,0
"69",30,1,0,0,1,0,1,0,0,1,0,0,1,0,1,0,0
"70",44,1,0,0,1,0,1,0,0,1,0,0,1,0,1,0,0
"71",400,1,0,0,1,0,1,0,0,1,0,0,1,0,1,0,0
"72",220,1,0,0,1,0,1,0,0,1,0,0,1,0,1,0,0
"73",NA,1,0,0,1,0,1,0,0,1,0,0,1,0,1,0,0
"74",NA,1,0,0,1,0,1,0,0,1,0,0,1,0,1,0,0
"75",NA,1,0,0,1,0,1,0,0,1,0,0,1,0,1,0,0
"76",NA,1,0,0,1,0,1,0,0,1,0,0,1,0,1,0,0
"77",NA,1,0,0,1,0,1,0,0,1,0,0,1,0,1,0,0
"78",NA,1,0,0,1,0,1,0,0,1,0,0,1,0,1,0,0
"79",NA,1,0,0,0,0,1,0,0,1,0,0,1,0,0,0,1
"80",NA,1,0,0,0,0,1,0,0,1,0,0,1,0,0,0,1
"81",NA,1,0,0,0,0,1,0,0,1,0,0,1,0,0,0,1
"82",192,1,0,0,0,0,1,0,0,1,0,0,1,0,0,0,1
"83",71,1,0,0,0,0,1,0,0,1,0,0,1,0,0,0,1
"84",NA,1,0,0,0,0,1,0,0,1,0,0,1,0,0,0,1
"85",80,1,0,0,1,0,0,0,0,1,0,0,1,0,1,0,0
"86",NA,1,0,0,1,0,0,0,0,1,0,0,1,0,1,0,0
"87",NA,1,0,0,1,0,0,0,0,1,0,0,1,0,1,0,0
"88",NA,1,0,0,1,0,0,0,0,1,0,0,1,0,1,0,0
"89",NA,1,0,0,1,0,0,0,0,1,0,0,1,0,1,0,0
"90",NA,1,0,0,1,0,0,0,0,1,0,0,1,0,1,0,0
"91",167,1,0,0,0,0,1,0,0,0,0,1,0,0,1,0,1
"92",200,1,0,0,0,0,1,0,0,0,0,1,0,0,1,0,1
"93",100,1,0,0,0,0,1,0,0,0,0,1,0,0,1,0,1
"94",NA,1,0,0,0,0,1,0,0,0,0,1,0,0,1,0,1
"95",NA,1,0,0,0,0,1,0,0,0,0,1,0,0,1,0,1
"96",525,1,0,0,0,0,1,0,0,0,0,1,0,0,1,0,1
"97",NA,1,0,0,0,0,0,1,0,1,0,0,1,0,0,0,1
"98",165,1,0,0,0,0,0,1,0,1,0,0,1,0,0,0,1
"99",NA,1,0,0,0,0,0,1,0,1,0,0,1,0,0,0,1
"100",233,1,0,0,0,0,0,1,0,1,0,0,1,0,0,0,1
"101",NA,1,0,0,0,0,0,1,0,1,0,0,1,0,0,0,1
"102",19,1,0,0,0,0,0,1,0,1,0,0,1,0,0,0,1
"103",NA,1,0,0,0,0,0,1,1,0,0,0,1,0,0,0,1
"104",62,1,0,0,0,0,0,1,1,0,0,0,1,0,0,0,1
"105",73,1,0,0,0,0,0,1,1,0,0,0,1,0,0,0,1
"106",4,1,0,0,0,0,0,1,1,0,0,0,1,0,0,0,1
"107",24,1,0,0,0,0,0,1,1,0,0,0,1,0,0,0,1
"108",37,1,0,0,0,0,0,1,1,0,0,0,1,0,0,0,1
"109",54,1,0,0,0,0,0,0,1,0,1,0,0,0,0,1,0
"110",NA,1,0,0,0,0,0,0,1,0,1,0,0,0,0,1,0
"111",160,1,0,0,0,0,0,0,1,0,1,0,0,0,0,1,0
"112",NA,1,0,0,0,0,0,0,1,0,1,0,0,0,0,1,0
"113",NA,1,0,0,0,0,0,0,1,0,1,0,0,0,0,1,0
"114",25,1,0,0,0,0,0,0,1,0,1,0,0,0,0,1,0
"115",NA,1,0,0,1,0,0,0,1,0,1,0,0,0,0,1,0
"116",NA,1,0,0,1,0,0,0,1,0,1,0,0,0,0,1,0
"117",NA,1,0,0,1,0,0,0,1,0,1,0,0,0,0,1,0
"118",100,1,0,0,1,0,0,0,1,0,1,0,0,0,0,1,0
"119",75,1,0,0,1,0,0,0,1,0,1,0,0,0,0,1,0
"120",NA,1,0,0,1,0,0,0,1,0,1,0,0,0,0,1,0
"121",23,1,0,0,1,0,0,0,0,0,0,1,0,0,1,0,0
"122",3,1,0,0,1,0,0,0,0,0,0,1,0,0,1,0,0
"123",5,1,0,0,1,0,0,0,0,0,0,1,0,0,1,0,0
"124",NA,1,0,0,1,0,0,0,0,0,0,1,0,0,1,0,0
"125",NA,1,0,0,1,0,0,0,0,0,0,1,0,0,1,0,0
"126",6,1,0,0,1,0,0,0,0,0,0,1,0,0,1,0,0
"127",NA,1,0,0,0,1,0,0,0,0,0,1,0,0,1,0,1
"128",60,1,0,0,0,1,0,0,0,0,0,1,0,0,1,0,1
"129",306,1,0,0,0,1,0,0,0,0,0,1,0,0,1,0,1
"130",90,1,0,0,0,1,0,0,0,0,0,1,0,0,1,0,1
"131",NA,1,0,0,0,1,0,0,0,0,0,1,0,0,1,0,1
"132",131,1,0,0,0,1,0,0,0,0,0,1,0,0,1,0,1
"133",NA,1,0,0,1,0,0,0,0,0,0,1,0,0,1,0,1
"134",NA,1,0,0,1,0,0,0,0,0,0,1,0,0,1,0,1
"135",NA,1,0,0,1,0,0,0,0,0,0,1,0,0,1,0,1
"136",NA,1,0,0,1,0,0,0,0,0,0,1,0,0,1,0,1
"137",25,1,0,0,1,0,0,0,0,0,0,1,0,0,1,0,1
"138",100,1,0,0,1,0,0,0,0,0,0,1,0,0,1,0,1
"139",NA,1,0,0,0,1,0,1,0,0,1,0,1,0,0,1,1
"140",783,1,0,0,0,1,0,1,0,0,1,0,1,0,0,1,1
"141",273,1,0,0,0,1,0,1,0,0,1,0,1,0,0,1,1
"142",100,1,0,0,0,1,0,1,0,0,1,0,1,0,0,1,1
"143",470,1,0,0,0,1,0,1,0,0,1,0,1,0,0,1,1
"144",NA,1,0,0,0,1,0,1,0,0,1,0,1,0,0,1,1
"145",177,1,0,0,0,0,0,1,1,1,0,1,0,0,0,0,1
"146",69,1,0,0,0,0,0,1,1,1,0,1,0,0,0,0,1
"147",25,1,0,0,0,0,0,1,1,1,0,1,0,0,0,0,1
"148",NA,1,0,0,0,0,0,1,1,1,0,1,0,0,0,0,1
"149",19,1,0,0,0,0,0,1,1,1,0,1,0,0,0,0,1
"150",39,1,0,0,0,0,0,1,1,1,0,1,0,0,0,0,1
"151",372,1,0,0,1,0,0,0,0,0,1,0,0,0,0,1,0
"152",NA,1,0,0,1,0,0,0,0,0,1,0,0,0,0,1,0
"153",19,1,0,0,1,0,0,0,0,0,1,0,0,0,0,1,0
"154",25,1,0,0,1,0,0,0,0,0,1,0,0,0,0,1,0
"155",NA,1,0,0,1,0,0,0,0,0,1,0,0,0,0,1,0
"156",235,1,0,0,1,0,0,0,0,0,1,0,0,0,0,1,0
"157",NA,1,0,0,1,0,0,0,1,0,0,0,1,0,0,0,1
"158",NA,1,0,0,1,0,0,0,1,0,0,0,1,0,0,0,1
"159",97,1,0,0,1,0,0,0,1,0,0,0,1,0,0,0,1
"160",300,1,0,0,1,0,0,0,1,0,0,0,1,0,0,0,1
"161",50,1,0,0,1,0,0,0,1,0,0,0,1,0,0,0,1
"162",NA,1,0,0,1,0,0,0,1,0,0,0,1,0,0,0,1
"163",88,1,0,1,0,0,0,0,0,0,0,1,0,0,1,0,1
"164",NA,1,0,1,0,0,0,0,0,0,0,1,0,0,1,0,1
"165",NA,1,0,1,0,0,0,0,0,0,0,1,0,0,1,0,1
"166",72,1,0,1,0,0,0,0,0,0,0,1,0,0,1,0,1
"167",56,1,0,1,0,0,0,0,0,0,0,1,0,0,1,0,1
"168",NA,1,0,1,0,0,0,0,0,0,0,1,0,0,1,0,1
"169",27,1,0,0,0,0,0,0,0,0,0,0,0,0,0,0,0
"170",57,1,0,0,0,0,0,0,0,0,0,0,0,0,0,0,0
"171",20,1,0,0,0,0,0,0,0,0,0,0,0,0,0,0,0
"172",42,1,0,0,0,0,0,0,0,0,0,0,0,0,0,0,0
"173",16,1,0,0,0,0,0,0,0,0,0,0,0,0,0,0,0
"174",NA,1,0,0,0,0,0,0,0,0,0,0,0,0,0,0,0
"175",NA,0,1,0,0,0,0,1,0,0,0,0,0,0,0,0,0
"176",NA,0,1,0,0,0,0,1,0,0,0,0,0,0,0,0,0
"177",NA,0,1,0,0,0,0,1,0,0,0,0,0,0,0,0,0
"178",26,0,1,0,0,0,0,1,0,0,0,0,0,0,0,0,0
"179",NA,0,1,0,0,0,0,1,0,0,0,0,0,0,0,0,0
"180",650,0,1,0,0,0,0,1,0,0,0,0,0,0,0,0,0
"181",NA,1,0,0,0,0,0,1,1,1,0,1,0,0,0,0,1
"182",NA,1,0,0,0,0,0,1,1,1,0,1,0,0,0,0,1
"183",NA,1,0,0,0,0,0,1,1,1,0,1,0,0,0,0,1
"184",NA,1,0,0,0,0,0,1,1,1,0,1,0,0,0,0,1
"185",NA,1,0,0,0,0,0,1,1,1,0,1,0,0,0,0,1
"186",NA,1,0,0,0,0,0,1,1,1,0,1,0,0,0,0,1
"187",6,0,1,0,0,1,0,1,0,0,1,0,0,0,0,1,0
"188",100,0,1,0,0,1,0,1,0,0,1,0,0,0,0,1,0
"189",30,0,1,0,0,1,0,1,0,0,1,0,0,0,0,1,0
"190",31,0,1,0,0,1,0,1,0,0,1,0,0,0,0,1,0
"191",NA,0,1,0,0,1,0,1,0,0,1,0,0,0,0,1,0
"192",43,0,1,0,0,1,0,1,0,0,1,0,0,0,0,1,0
"193",53,1,0,1,0,0,0,0,0,1,0,0,1,0,1,0,0
"194",NA,1,0,1,0,0,0,0,0,1,0,0,1,0,1,0,0
"195",NA,1,0,1,0,0,0,0,0,1,0,0,1,0,1,0,0
"196",NA,1,0,1,0,0,0,0,0,1,0,0,1,0,1,0,0
"197",NA,1,0,1,0,0,0,0,0,1,0,0,1,0,1,0,0
"198",203,1,0,1,0,0,0,0,0,1,0,0,1,0,1,0,0
"199",100,1,0,1,0,0,0,0,1,0,0,1,0,0,1,0,0
"200",22,1,0,1,0,0,0,0,1,0,0,1,0,0,1,0,0
"201",50,1,0,1,0,0,0,0,1,0,0,1,0,0,1,0,0
"202",NA,1,0,1,0,0,0,0,1,0,0,1,0,0,1,0,0
"203",60,1,0,1,0,0,0,0,1,0,0,1,0,0,1,0,0
"204",56,1,0,1,0,0,0,0,1,0,0,1,0,0,1,0,0
"205",NA,1,0,0,1,0,0,0,0,0,1,0,0,0,0,1,0
"206",NA,1,0,0,1,0,0,0,0,0,1,0,0,0,0,1,0
"207",NA,1,0,0,1,0,0,0,0,0,1,0,0,0,0,1,0
"208",NA,1,0,0,1,0,0,0,0,0,1,0,0,0,0,1,0
"209",61,1,0,0,1,0,0,0,0,0,1,0,0,0,0,1,0
"210",NA,1,0,0,1,0,0,0,0,0,1,0,0,0,0,1,0
"211",NA,1,0,1,0,0,0,0,1,0,0,1,0,0,1,0,0
"212",164,1,0,1,0,0,0,0,1,0,0,1,0,0,1,0,0
"213",128,1,0,1,0,0,0,0,1,0,0,1,0,0,1,0,0
"214",117,1,0,1,0,0,0,0,1,0,0,1,0,0,1,0,0
"215",209,1,0,1,0,0,0,0,1,0,0,1,0,0,1,0,0
"216",NA,1,0,1,0,0,0,0,1,0,0,1,0,0,1,0,0
"217",NA,1,0,0,0,1,0,1,1,1,0,0,1,0,0,1,0
"218",60,1,0,0,0,1,0,1,1,1,0,0,1,0,0,1,0
"219",39,1,0,0,0,1,0,1,1,1,0,0,1,0,0,1,0
"220",19,1,0,0,0,1,0,1,1,1,0,0,1,0,0,1,0
"221",66,1,0,0,0,1,0,1,1,1,0,0,1,0,0,1,0
"222",81,1,0,0,0,1,0,1,1,1,0,0,1,0,0,1,0
"223",NA,0,1,0,1,0,0,0,0,0,1,0,0,0,1,1,1
"224",NA,0,1,0,1,0,0,0,0,0,1,0,0,0,1,1,1
"225",NA,0,1,0,1,0,0,0,0,0,1,0,0,0,1,1,1
"226",NA,0,1,0,1,0,0,0,0,0,1,0,0,0,1,1,1
"227",NA,0,1,0,1,0,0,0,0,0,1,0,0,0,1,1,1
"228",NA,0,1,0,1,0,0,0,0,0,1,0,0,0,1,1,1
"229",50,1,0,0,0,0,0,0,0,1,0,0,1,0,0,0,1
"230",127,1,0,0,0,0,0,0,0,1,0,0,1,0,0,0,1
"231",NA,1,0,0,0,0,0,0,0,1,0,0,1,0,0,0,1
"232",150,1,0,0,0,0,0,0,0,1,0,0,1,0,0,0,1
"233",NA,1,0,0,0,0,0,0,0,1,0,0,1,0,0,0,1
"234",NA,1,0,0,0,0,0,0,0,1,0,0,1,0,0,0,1
"235",14,0,1,0,0,0,0,1,0,0,1,0,0,0,0,1,0
"236",NA,0,1,0,0,0,0,1,0,0,1,0,0,0,0,1,0
"237",54,0,1,0,0,0,0,1,0,0,1,0,0,0,0,1,0
"238",33,0,1,0,0,0,0,1,0,0,1,0,0,0,0,1,0
"239",6,0,1,0,0,0,0,1,0,0,1,0,0,0,0,1,0
"240",30,0,1,0,0,0,0,1,0,0,1,0,0,0,0,1,0
"241",NA,1,0,0,0,1,1,0,0,0,0,1,0,0,1,0,1
"242",80,1,0,0,0,1,1,0,0,0,0,1,0,0,1,0,1
"243",260,1,0,0,0,1,1,0,0,0,0,1,0,0,1,0,1
"244",91,1,0,0,0,1,1,0,0,0,0,1,0,0,1,0,1
"245",74,1,0,0,0,1,1,0,0,0,0,1,0,0,1,0,1
"246",15,1,0,0,0,1,1,0,0,0,0,1,0,0,1,0,1
"247",NA,0,1,0,0,0,0,1,0,0,1,0,0,0,0,1,0
"248",NA,0,1,0,0,0,0,1,0,0,1,0,0,0,0,1,0
"249",NA,0,1,0,0,0,0,1,0,0,1,0,0,0,0,1,0
"250",NA,0,1,0,0,0,0,1,0,0,1,0,0,0,0,1,0
"251",NA,0,1,0,0,0,0,1,0,0,1,0,0,0,0,1,0
"252",NA,0,1,0,0,0,0,1,0,0,1,0,0,0,0,1,0
"253",NA,1,0,0,0,1,0,0,1,1,0,1,0,0,0,0,1
"254",NA,1,0,0,0,1,0,0,1,1,0,1,0,0,0,0,1
"255",NA,1,0,0,0,1,0,0,1,1,0,1,0,0,0,0,1
"256",33,1,0,0,0,1,0,0,1,1,0,1,0,0,0,0,1
"257",NA,1,0,0,0,1,0,0,1,1,0,1,0,0,0,0,1
"258",NA,1,0,0,0,1,0,0,1,1,0,1,0,0,0,0,1
"259",NA,1,0,0,0,0,0,1,1,1,0,0,1,0,0,0,1
"260",NA,1,0,0,0,0,0,1,1,1,0,0,1,0,0,0,1
"261",26,1,0,0,0,0,0,1,1,1,0,0,1,0,0,0,1
"262",NA,1,0,0,0,0,0,1,1,1,0,0,1,0,0,0,1
"263",NA,1,0,0,0,0,0,1,1,1,0,0,1,0,0,0,1
"264",5528,1,0,0,0,0,0,1,1,1,0,0,1,0,0,0,1
"265",57,1,0,0,0,1,0,0,1,0,0,0,1,1,0,0,0
"266",53,1,0,0,0,1,0,0,1,0,0,0,1,1,0,0,0
"267",104,1,0,0,0,1,0,0,1,0,0,0,1,1,0,0,0
"268",184,1,0,0,0,1,0,0,1,0,0,0,1,1,0,0,0
"269",NA,1,0,0,0,1,0,0,1,0,0,0,1,1,0,0,0
"270",70,1,0,0,0,1,0,0,1,0,0,0,1,1,0,0,0
"271",NA,1,0,0,0,1,1,0,0,1,0,0,1,1,0,0,1
"272",NA,1,0,0,0,1,1,0,0,1,0,0,1,1,0,0,1
"273",NA,1,0,0,0,1,1,0,0,1,0,0,1,1,0,0,1
"274",NA,1,0,0,0,1,1,0,0,1,0,0,1,1,0,0,1
"275",77,1,0,0,0,1,1,0,0,1,0,0,1,1,0,0,1
"276",180,1,0,0,0,1,1,0,0,1,0,0,1,1,0,0,1
"277",NA,1,0,0,0,0,0,1,1,1,0,0,1,0,0,0,1
"278",18,1,0,0,0,0,0,1,1,1,0,0,1,0,0,0,1
"279",46,1,0,0,0,0,0,1,1,1,0,0,1,0,0,0,1
"280",47,1,0,0,0,0,0,1,1,1,0,0,1,0,0,0,1
"281",NA,1,0,0,0,0,0,1,1,1,0,0,1,0,0,0,1
"282",29,1,0,0,0,0,0,1,1,1,0,0,1,0,0,0,1
"283",44900,1,0,0,0,1,0,0,1,0,0,0,1,1,0,0,1
"284",67,1,0,0,0,1,0,0,1,0,0,0,1,1,0,0,1
"285",NA,1,0,0,0,1,0,0,1,0,0,0,1,1,0,0,1
"286",NA,1,0,0,0,1,0,0,1,0,0,0,1,1,0,0,1
"287",50,1,0,0,0,1,0,0,1,0,0,0,1,1,0,0,1
"288",11,1,0,0,0,1,0,0,1,0,0,0,1,1,0,0,1
"289",20,1,0,0,0,0,0,0,0,1,1,0,1,0,0,1,0
"290",22,1,0,0,0,0,0,0,0,1,1,0,1,0,0,1,0
"291",38,1,0,0,0,0,0,0,0,1,1,0,1,0,0,1,0
"292",NA,1,0,0,0,0,0,0,0,1,1,0,1,0,0,1,0
"293",NA,1,0,0,0,0,0,0,0,1,1,0,1,0,0,1,0
"294",NA,1,0,0,0,0,0,0,0,1,1,0,1,0,0,1,0
"295",300,1,0,0,0,1,0,0,0,0,0,0,1,0,0,0,1
"296",NA,1,0,0,0,1,0,0,0,0,0,0,1,0,0,0,1
"297",NA,1,0,0,0,1,0,0,0,0,0,0,1,0,0,0,1
"298",67,1,0,0,0,1,0,0,0,0,0,0,1,0,0,0,1
"299",NA,1,0,0,0,1,0,0,0,0,0,0,1,0,0,0,1
"300",50,1,0,0,0,1,0,0,0,0,0,0,1,0,0,0,1
"301",NA,0,1,0,1,0,0,0,0,0,0,1,0,0,1,1,0
"302",100,0,1,0,1,0,0,0,0,0,0,1,0,0,1,1,0
"303",NA,0,1,0,1,0,0,0,0,0,0,1,0,0,1,1,0
"304",NA,0,1,0,1,0,0,0,0,0,0,1,0,0,1,1,0
"305",69,0,1,0,1,0,0,0,0,0,0,1,0,0,1,1,0
"306",89,0,1,0,1,0,0,0,0,0,0,1,0,0,1,1,0
"307",NA,0,1,0,0,0,0,1,0,0,1,0,0,0,0,1,0
"308",4,0,1,0,0,0,0,1,0,0,1,0,0,0,0,1,0
"309",17,0,1,0,0,0,0,1,0,0,1,0,0,0,0,1,0
"310",34,0,1,0,0,0,0,1,0,0,1,0,0,0,0,1,0
"311",32,0,1,0,0,0,0,1,0,0,1,0,0,0,0,1,0
"312",NA,0,1,0,0,0,0,1,0,0,1,0,0,0,0,1,0
"313",NA,1,0,0,0,0,0,1,0,1,1,0,0,0,0,1,0
"314",26,1,0,0,0,0,0,1,0,1,1,0,0,0,0,1,0
"315",21,1,0,0,0,0,0,1,0,1,1,0,0,0,0,1,0
"316",NA,1,0,0,0,0,0,1,0,1,1,0,0,0,0,1,0
"317",NA,1,0,0,0,0,0,1,0,1,1,0,0,0,0,1,0
"318",NA,1,0,0,0,0,0,1,0,1,1,0,0,0,0,1,0
"319",38,0,1,0,0,0,0,0,0,0,1,0,0,0,0,1,0
"320",19,0,1,0,0,0,0,0,0,0,1,0,0,0,0,1,0
"321",NA,0,1,0,0,0,0,0,0,0,1,0,0,0,0,1,0
"322",NA,0,1,0,0,0,0,0,0,0,1,0,0,0,0,1,0
"323",NA,0,1,0,0,0,0,0,0,0,1,0,0,0,0,1,0
"324",NA,0,1,0,0,0,0,0,0,0,1,0,0,0,0,1,0
"325",NA,1,0,0,0,0,0,1,0,0,1,0,0,0,0,1,0
"326",67,1,0,0,0,0,0,1,0,0,1,0,0,0,0,1,0
"327",NA,1,0,0,0,0,0,1,0,0,1,0,0,0,0,1,0
"328",20,1,0,0,0,0,0,1,0,0,1,0,0,0,0,1,0
"329",160,1,0,0,0,0,0,1,0,0,1,0,0,0,0,1,0
"330",362,1,0,0,0,0,0,1,0,0,1,0,0,0,0,1,0
"331",114,1,0,0,0,1,0,0,0,1,0,0,1,0,0,0,1
"332",NA,1,0,0,0,1,0,0,0,1,0,0,1,0,0,0,1
"333",NA,1,0,0,0,1,0,0,0,1,0,0,1,0,0,0,1
"334",72,1,0,0,0,1,0,0,0,1,0,0,1,0,0,0,1
"335",27,1,0,0,0,1,0,0,0,1,0,0,1,0,0,0,1
"336",65,1,0,0,0,1,0,0,0,1,0,0,1,0,0,0,1
"337",27,0,1,0,0,1,0,0,1,0,1,0,0,0,0,1,0
"338",NA,0,1,0,0,1,0,0,1,0,1,0,0,0,0,1,0
"339",25,0,1,0,0,1,0,0,1,0,1,0,0,0,0,1,0
"340",28,0,1,0,0,1,0,0,1,0,1,0,0,0,0,1,0
"341",NA,0,1,0,0,1,0,0,1,0,1,0,0,0,0,1,0
"342",60,0,1,0,0,1,0,0,1,0,1,0,0,0,0,1,0
"343",NA,1,0,0,0,0,1,0,0,0,0,1,0,0,1,0,1
"344",NA,1,0,0,0,0,1,0,0,0,0,1,0,0,1,0,1
"345",67,1,0,0,0,0,1,0,0,0,0,1,0,0,1,0,1
"346",NA,1,0,0,0,0,1,0,0,0,0,1,0,0,1,0,1
"347",NA,1,0,0,0,0,1,0,0,0,0,1,0,0,1,0,1
"348",NA,1,0,0,0,0,1,0,0,0,0,1,0,0,1,0,1
"349",NA,1,0,0,0,1,0,1,0,0,0,0,1,1,0,0,1
"350",NA,1,0,0,0,1,0,1,0,0,0,0,1,1,0,0,1
"351",NA,1,0,0,0,1,0,1,0,0,0,0,1,1,0,0,1
"352",82,1,0,0,0,1,0,1,0,0,0,0,1,1,0,0,1
"353",892,1,0,0,0,1,0,1,0,0,0,0,1,1,0,0,1
"354",28,1,0,0,0,1,0,1,0,0,0,0,1,1,0,0,1
"355",NA,1,0,0,0,1,0,1,1,1,0,0,1,0,0,0,1
"356",NA,1,0,0,0,1,0,1,1,1,0,0,1,0,0,0,1
"357",NA,1,0,0,0,1,0,1,1,1,0,0,1,0,0,0,1
"358",115,1,0,0,0,1,0,1,1,1,0,0,1,0,0,0,1
"359",143,1,0,0,0,1,0,1,1,1,0,0,1,0,0,0,1
"360",47,1,0,0,0,1,0,1,1,1,0,0,1,0,0,0,1
"361",NA,1,0,0,0,1,0,0,1,0,0,0,1,0,0,0,1
"362",NA,1,0,0,0,1,0,0,1,0,0,0,1,0,0,0,1
"363",NA,1,0,0,0,1,0,0,1,0,0,0,1,0,0,0,1
"364",NA,1,0,0,0,1,0,0,1,0,0,0,1,0,0,0,1
"365",NA,1,0,0,0,1,0,0,1,0,0,0,1,0,0,0,1
"366",NA,1,0,0,0,1,0,0,1,0,0,0,1,0,0,0,1
"367",NA,1,0,0,0,0,0,0,1,0,1,0,0,0,0,1,0
"368",NA,1,0,0,0,0,0,0,1,0,1,0,0,0,0,1,0
"369",NA,1,0,0,0,0,0,0,1,0,1,0,0,0,0,1,0
"370",214,1,0,0,0,0,0,0,1,0,1,0,0,0,0,1,0
"371",NA,1,0,0,0,0,0,0,1,0,1,0,0,0,0,1,0
"372",NA,1,0,0,0,0,0,0,1,0,1,0,0,0,0,1,0
"373",NA,1,0,0,0,0,0,1,1,1,0,1,0,0,0,1,0
"374",NA,1,0,0,0,0,0,1,1,1,0,1,0,0,0,1,0
"375",145,1,0,0,0,0,0,1,1,1,0,1,0,0,0,1,0
"376",NA,1,0,0,0,0,0,1,1,1,0,1,0,0,0,1,0
"377",1000,1,0,0,0,0,0,1,1,1,0,1,0,0,0,1,0
"378",NA,1,0,0,0,0,0,1,1,1,0,1,0,0,0,1,0
"379",NA,1,0,0,0,1,0,0,1,0,0,0,1,1,0,0,0
"380",29,1,0,0,0,1,0,0,1,0,0,0,1,1,0,0,0
"381",14,1,0,0,0,1,0,0,1,0,0,0,1,1,0,0,0
"382",31,1,0,0,0,1,0,0,1,0,0,0,1,1,0,0,0
"383",NA,1,0,0,0,1,0,0,1,0,0,0,1,1,0,0,0
"384",12,1,0,0,0,1,0,0,1,0,0,0,1,1,0,0,0
"385",NA,1,0,0,0,0,0,1,1,1,0,0,1,0,0,0,1
"386",2900,1,0,0,0,0,0,1,1,1,0,0,1,0,0,0,1
"387",167,1,0,0,0,0,0,1,1,1,0,0,1,0,0,0,1
"388",150,1,0,0,0,0,0,1,1,1,0,0,1,0,0,0,1
"389",65,1,0,0,0,0,0,1,1,1,0,0,1,0,0,0,1
"390",NA,1,0,0,0,0,0,1,1,1,0,0,1,0,0,0,1
"391",NA,1,0,0,0,1,0,0,0,0,0,1,0,0,0,0,1
"392",125,1,0,0,0,1,0,0,0,0,0,1,0,0,0,0,1
"393",64,1,0,0,0,1,0,0,0,0,0,1,0,0,0,0,1
"394",17,1,0,0,0,1,0,0,0,0,0,1,0,0,0,0,1
"395",67,1,0,0,0,1,0,0,0,0,0,1,0,0,0,0,1
"396",47,1,0,0,0,1,0,0,0,0,0,1,0,0,0,0,1
"397",NA,1,0,0,0,0,0,1,0,0,0,0,1,0,0,0,1
"398",900,1,0,0,0,0,0,1,0,0,0,0,1,0,0,0,1
"399",100,1,0,0,0,0,0,1,0,0,0,0,1,0,0,0,1
"400",50,1,0,0,0,0,0,1,0,0,0,0,1,0,0,0,1
"401",33,1,0,0,0,0,0,1,0,0,0,0,1,0,0,0,1
"402",NA,1,0,0,0,0,0,1,0,0,0,0,1,0,0,0,1
"403",NA,0,1,0,0,0,0,0,0,0,1,0,0,0,1,1,0
"404",NA,0,1,0,0,0,0,0,0,0,1,0,0,0,1,1,0
"405",NA,0,1,0,0,0,0,0,0,0,1,0,0,0,1,1,0
"406",8,0,1,0,0,0,0,0,0,0,1,0,0,0,1,1,0
"407",10,0,1,0,0,0,0,0,0,0,1,0,0,0,1,1,0
"408",NA,0,1,0,0,0,0,0,0,0,1,0,0,0,1,1,0
